ArrayType;size;time;timeDeviation;comparisons;comparisonsDeviation;swaps;swapsDeviation
testing.generation.OrderedIntegerArrayGenerator;10;0,000000000000;0,000000000000;63,000000000000;0,000000000000;0,000000000000;0,000000000000
testing.generation.OrderedIntegerArrayGenerator;20;0,000000000000;0,000000000000;228,000000000000;0,000000000000;0,000000000000;0,000000000000
testing.generation.OrderedIntegerArrayGenerator;30;0,000000000000;0,000000000000;493,000000000000;0,000000000000;0,000000000000;0,000000000000
testing.generation.OrderedIntegerArrayGenerator;45;0,000000000000;0,000000000000;1078,000000000000;0,000000000000;0,000000000000;0,000000000000
testing.generation.OrderedIntegerArrayGenerator;50;0,000000000000;0,000000000000;1323,000000000000;0,000000000000;0,000000000000;0,000000000000
testing.generation.OrderedIntegerArrayGenerator;80;0,000000000000;0,000000000000;3318,000000000000;0,000000000000;0,000000000000;0,000000000000
testing.generation.OrderedIntegerArrayGenerator;100;0,150000000000;0,357071421427;5148,000000000000;0,000000000000;0,000000000000;0,000000000000
testing.generation.OrderedIntegerArrayGenerator;150;0,450000000000;0,668954408013;11473,000000000000;0,000000000000;0,000000000000;0,000000000000
testing.generation.OrderedIntegerArrayGenerator;200;0,700000000000;0,556776436283;20298,000000000000;0,000000000000;0,000000000000;0,000000000000
testing.generation.OrderedIntegerArrayGenerator;250;0,100000000000;0,300000000000;31623,000000000000;0,000000000000;0,000000000000;0,000000000000
testing.generation.OrderedIntegerArrayGenerator;500;0,400000000000;0,489897948557;125748,000000000000;0,000000000000;0,000000000000;0,000000000000
testing.generation.OrderedIntegerArrayGenerator;1000;1,400000000000;0,860232526704;501498,000000000000;0,000000000000;0,000000000000;0,000000000000
testing.generation.OrderedIntegerArrayGenerator;2000;4,000000000000;1,000000000000;2002998,000000000000;0,000000000000;0,000000000000;0,000000000000
testing.generation.OrderedIntegerArrayGenerator;5000;27,650000000000;5,876010551386;12507498,000000000000;0,000000000000;0,000000000000;0,000000000000
testing.generation.OrderedIntegerArrayGenerator;10000;100,100000000000;16,071403174583;50014998,000000000000;0,000000000000;0,000000000000;0,000000000000
testing.generation.ReversedIntegerArrayGenerator;10;0,050000000000;0,217944947177;68,000000000000;0,000000000000;5,000000000000;0,000000000000
testing.generation.ReversedIntegerArrayGenerator;20;0,050000000000;0,217944947177;238,000000000000;0,000000000000;10,000000000000;0,000000000000
testing.generation.ReversedIntegerArrayGenerator;30;0,000000000000;0,000000000000;508,000000000000;0,000000000000;15,000000000000;0,000000000000
testing.generation.ReversedIntegerArrayGenerator;45;0,000000000000;0,000000000000;1100,000000000000;0,000000000000;22,000000000000;0,000000000000
testing.generation.ReversedIntegerArrayGenerator;50;0,000000000000;0,000000000000;1348,000000000000;0,000000000000;25,000000000000;0,000000000000
testing.generation.ReversedIntegerArrayGenerator;80;0,050000000000;0,217944947177;3358,000000000000;0,000000000000;40,000000000000;0,000000000000
testing.generation.ReversedIntegerArrayGenerator;100;0,000000000000;0,000000000000;5198,000000000000;0,000000000000;50,000000000000;0,000000000000
testing.generation.ReversedIntegerArrayGenerator;150;0,100000000000;0,300000000000;11548,000000000000;0,000000000000;75,000000000000;0,000000000000
testing.generation.ReversedIntegerArrayGenerator;200;0,200000000000;0,400000000000;20398,000000000000;0,000000000000;100,000000000000;0,000000000000
testing.generation.ReversedIntegerArrayGenerator;250;0,050000000000;0,217944947177;31748,000000000000;0,000000000000;125,000000000000;0,000000000000
testing.generation.ReversedIntegerArrayGenerator;500;0,150000000000;0,357071421427;125998,000000000000;0,000000000000;250,000000000000;0,000000000000
testing.generation.ReversedIntegerArrayGenerator;1000;0,550000000000;0,589491306128;501998,000000000000;0,000000000000;500,000000000000;0,000000000000
testing.generation.ReversedIntegerArrayGenerator;2000;3,300000000000;0,781024967591;2003998,000000000000;0,000000000000;1000,000000000000;0,000000000000
testing.generation.ReversedIntegerArrayGenerator;5000;25,500000000000;5,740209055426;12509998,000000000000;0,000000000000;2500,000000000000;0,000000000000
testing.generation.ReversedIntegerArrayGenerator;10000;95,550000000000;14,399565965681;50019998,000000000000;0,000000000000;5000,000000000000;0,000000000000
testing.generation.ShuffledIntegerArrayGenerator;10;0,000000000000;0,000000000000;54,650000000000;3,134884367883;9,050000000000;1,745709025010
testing.generation.ShuffledIntegerArrayGenerator;20;0,000000000000;0,000000000000;140,200000000000;9,836666101886;22,300000000000;2,238302928560
testing.generation.ShuffledIntegerArrayGenerator;30;0,000000000000;0,000000000000;244,900000000000;22,772571220659;35,600000000000;2,870540018882
testing.generation.ShuffledIntegerArrayGenerator;45;0,000000000000;0,000000000000;385,100000000000;18,310925700251;59,950000000000;3,774586070021
testing.generation.ShuffledIntegerArrayGenerator;50;0,000000000000;0,000000000000;445,850000000000;28,226361791773;67,750000000000;3,299621190379
testing.generation.ShuffledIntegerArrayGenerator;80;0,000000000000;0,000000000000;774,900000000000;25,924698648202;121,000000000000;7,000000000000
testing.generation.ShuffledIntegerArrayGenerator;100;0,000000000000;0,000000000000;1044,250000000000;52,272244068917;159,150000000000;6,966168243732
testing.generation.ShuffledIntegerArrayGenerator;150;0,000000000000;0,000000000000;1700,350000000000;68,831152104255;259,650000000000;9,161195336853
testing.generation.ShuffledIntegerArrayGenerator;200;0,000000000000;0,000000000000;2387,150000000000;127,177150070285;363,700000000000;11,571948841922
testing.generation.ShuffledIntegerArrayGenerator;250;0,000000000000;0,000000000000;3167,000000000000;216,829887238820;470,100000000000;13,913662350366
testing.generation.ShuffledIntegerArrayGenerator;500;0,100000000000;0,300000000000;7094,799999999999;278,693308136383;1052,700000000000;16,447188209518
testing.generation.ShuffledIntegerArrayGenerator;1000;0,050000000000;0,217944947177;15737,400000000001;710,068827649792;2344,300000000000;36,084761326650
testing.generation.ShuffledIntegerArrayGenerator;2000;0,200000000000;0,400000000000;34016,850000000006;1212,842292921686;5156,800000000000;64,695904043416
testing.generation.ShuffledIntegerArrayGenerator;5000;0,250000000000;0,433012701892;97384,349999999990;3590,186252480949;14367,000000000002;139,165728539410
testing.generation.ShuffledIntegerArrayGenerator;10000;0,900000000000;0,624499799840;207670,300000000000;4366,960019281742;31102,600000000002;187,897152719336
testing.generation.RandomIntegerArrayGenerator;10;0,000000000000;0,000000000000;53,000000000000;2,966479394838;9,650000000000;1,525614630239
testing.generation.RandomIntegerArrayGenerator;20;0,000000000000;0,000000000000;133,550000000000;8,273300429696;26,750000000000;1,699264546797
testing.generation.RandomIntegerArrayGenerator;30;0,000000000000;0,000000000000;222,750000000000;15,250819650105;46,400000000000;2,576819745345
testing.generation.RandomIntegerArrayGenerator;45;0,000000000000;0,000000000000;368,300000000000;18,210161998180;81,050000000000;3,412843389316
testing.generation.RandomIntegerArrayGenerator;50;0,000000000000;0,000000000000;425,000000000000;28,555209682297;92,750000000000;3,533765696817
testing.generation.RandomIntegerArrayGenerator;80;0,000000000000;0,000000000000;722,250000000000;30,683668294392;174,200000000000;3,487119154830
testing.generation.RandomIntegerArrayGenerator;100;0,000000000000;0,000000000000;955,850000000000;44,596272265736;230,650000000000;3,927785635698
testing.generation.RandomIntegerArrayGenerator;150;0,000000000000;0,000000000000;1509,100000000000;65,687822311294;391,000000000000;6,252999280344
testing.generation.RandomIntegerArrayGenerator;200;0,000000000000;0,000000000000;2133,400000000000;124,243068217104;558,000000000000;7,582875444052
testing.generation.RandomIntegerArrayGenerator;250;0,050000000000;0,217944947177;2752,900000000000;93,816256587018;735,150000000000;7,882099973988
testing.generation.RandomIntegerArrayGenerator;500;0,000000000000;0,000000000000;5934,350000000000;214,669111657920;1717,850000000000;19,363044698618
testing.generation.RandomIntegerArrayGenerator;1000;0,050000000000;0,217944947177;13171,600000000000;699,784495398386;3919,950000000000;38,899196649838
testing.generation.RandomIntegerArrayGenerator;2000;0,100000000000;0,300000000000;27790,500000000000;815,081008244010;8856,300000000001;50,211652034099
testing.generation.RandomIntegerArrayGenerator;5000;0,200000000000;0,400000000000;75542,950000000010;2647,810274075442;25468,400000000000;106,483989407015
testing.generation.RandomIntegerArrayGenerator;10000;0,300000000000;0,458257569496;164099,950000000000;4834,082958276244;55836,049999999996;146,169242661474
